종목,이름,진입일,청산일,진입가,청산가,수익률,사유,보유일,진입방식,점수
138930,BNK금융지주,20230925,20230925,7020,7000,-0.51,5일선 이탈,1,눌림,3.100
383220,F&F,20230926,20230926,111400,111000,-0.59,5일선 이탈,1,눌림,1.700
161890,한국콜마,20230927,20231004,51500,49550,-4.01,5일선 이탈,2,10시,1.800
307950,현대오토에버,20231005,20231005,173300,171900,-1.04,5일선 이탈,1,눌림,2.100
128940,한미약품,20231006,20231010,299500,313000,4.27,익절(장중),2,10시,2.384
005930,삼성전자,20231011,20231013,68000,67800,-0.52,만료,3,눌림,2.125
010950,S-Oil,20231016,20231016,74400,73400,-1.57,5일선 이탈,1,눌림,2.040
011780,금호석유화학,20231017,20231017,129000,129400,0.08,5일선 이탈,1,눌림,1.986
267250,HD현대,20231018,20231019,62200,60900,-2.32,5일선 이탈,2,10시,2.200
000120,CJ대한통운,20231020,20231020,76900,75800,-1.66,5일선 이탈,1,눌림,1.700
047810,한국항공우주,20231024,20231024,48800,48150,-1.56,5일선 이탈,1,눌림,2.067
066570,LG전자,20231025,20231026,107800,105100,-2.73,5일선 이탈,2,10시,2.186
030200,KT,20231027,20231027,32350,32300,-0.38,5일선 이탈,1,눌림,2.135
017670,SK텔레콤,20231030,20231030,49800,49350,-1.13,5일선 이탈,1,10시,2.100
017670,SK텔레콤,20231031,20231031,49450,49050,-1.04,5일선 이탈,1,눌림,2.128
009420,한올바이오파마,20231101,20231101,28800,29650,2.71,익절(종가),1,눌림,2.000
017670,SK텔레콤,20231102,20231106,49600,49700,-0.03,만료,3,10시,1.943
005830,DB손해보험,20231108,20231108,85100,81900,-3.98,5일선 이탈,1,눌림,2.500
086790,하나금융지주,20231113,20231115,41200,41800,1.22,만료,3,10시,2.100
185750,종근당,20231116,20231117,114100,105900,-7.40,5일선 이탈,2,10시,2.100
103140,풍산,20231121,20231123,35800,36250,1.02,만료,3,눌림,1.940
010060,OCI홀딩스,20231124,20231124,100200,100700,0.27,5일선 이탈,1,눌림,1.900
016360,삼성증권,20231127,20231127,38600,38650,-0.10,5일선 이탈,1,눌림,1.900
016360,삼성증권,20231128,20231128,39050,38600,-1.38,5일선 이탈,1,10시,1.817
011790,SKC,20231129,20231129,89900,89700,-0.45,5일선 이탈,1,눌림,3.100
032640,LG유플러스,20231130,20231201,10390,10340,-0.71,5일선 이탈,2,눌림,3.100
035250,강원랜드,20231204,20231206,15530,16100,3.43,익절(장중),3,눌림,2.076
042700,한미반도체,20231208,20231212,59200,58700,-1.07,5일선 이탈,3,눌림,2.166
017800,현대엘리베이터,20231213,20231215,44800,46700,4.00,익절(장중),3,10시,2.112
042700,한미반도체,20231218,20231218,59400,58100,-2.41,5일선 이탈,1,10시,2.000
139480,이마트,20231219,20231220,75200,77500,2.82,익절(종가),2,10시,2.350
137310,에스디바이오센서,20231221,20231221,11160,11210,0.22,5일선 이탈,1,눌림,1.800
457190,이수스페셜티케미컬,20231222,20231222,33650,33300,-1.27,5일선 이탈,1,눌림,2.465
000720,현대건설,20231226,20231228,35200,34150,-3.21,급이탈,3,10시,2.200
007660,이수페타시스,20240102,20240103,29000,27400,-5.73,5일선 이탈,2,10시,1.667
298020,효성티앤씨,20240104,20240104,365500,359000,-2.00,5일선 이탈,1,눌림,2.150
298020,효성티앤씨,20240105,20240105,357000,343000,-4.14,5일선 이탈,1,눌림,3.100
005490,POSCO홀딩스,20240108,20240108,472000,468500,-0.97,5일선 이탈,1,눌림,2.100
051910,LG화학,20240109,20240109,479500,470500,-2.10,5일선 이탈,1,눌림,2.267
161390,한국타이어앤테크놀로지,20240110,20240112,45000,43950,-2.56,만료,3,10시,2.507
064350,현대로템,20240115,20240116,26500,26300,-0.98,5일선 이탈,2,눌림,1.812
086790,하나금융지주,20240117,20240117,41600,41200,-1.19,5일선 이탈,1,눌림,1.900
030200,KT,20240118,20240122,33700,33600,-0.53,만료,3,10시,1.767
375500,DL이앤씨,20240123,20240123,36800,37000,0.31,5일선 이탈,1,눌림,1.973
352820,하이브,20240124,20240125,223000,215000,-3.81,5일선 이탈,2,10시,2.250
071970,HD현대마린엔진,20240126,20240126,12200,11770,-3.75,5일선 이탈,1,10시,3.100
071970,HD현대마린엔진,20240129,20240129,11660,11260,-3.65,5일선 이탈,1,눌림,1.800
009150,삼성전기,20240130,20240130,142500,141700,-0.79,5일선 이탈,1,눌림,2.350
361610,SK아이이테크놀로지,20240202,20240205,78400,71200,-9.39,급이탈,2,10시,2.116
000660,SK하이닉스,20240206,20240208,136200,142300,4.24,익절(장중),3,10시,3.100
192820,코스맥스,20240213,20240214,114100,115700,1.17,5일선 이탈,2,눌림,1.800
103140,풍산,20240215,20240215,38450,38250,-0.75,5일선 이탈,1,눌림,2.040
010060,OCI홀딩스,20240216,20240219,106000,101700,-4.28,5일선 이탈,2,10시,2.140
021240,코웨이,20240220,20240220,56300,56400,-0.05,5일선 이탈,1,눌림,1.800
005930,삼성전자,20240221,20240221,73800,72800,-1.58,5일선 이탈,1,10시,2.160
005930,삼성전자,20240222,20240222,73100,72900,-0.50,5일선 이탈,1,눌림,2.040
267270,HD건설기계,20240223,20240223,54500,53200,-2.61,5일선 이탈,1,10시,3.100
241560,두산밥캣,20240226,20240228,46500,47250,1.38,만료,3,10시,2.132
450080,에코프로머티,20240229,20240229,186900,193000,3.03,익절(종가),1,눌림,2.220
006260,LS,20240304,20240305,89500,94000,4.79,익절(장중),2,10시,2.169
139130,iM금융지주,20240306,20240308,8980,9090,0.99,만료,3,10시,3.100
011210,현대위아,20240311,20240311,57000,56900,-0.41,5일선 이탈,1,눌림,1.833
017670,SK텔레콤,20240312,20240314,52200,54100,3.40,익절(장중),3,눌림,2.170
004990,롯데지주,20240315,20240315,28300,28550,0.65,5일선 이탈,1,눌림,1.825
064350,현대로템,20240318,20240320,31200,31300,0.09,만료,3,10시,2.025
003670,포스코퓨처엠,20240321,20240321,313000,307500,-1.98,5일선 이탈,1,10시,1.944
042700,한미반도체,20240322,20240322,96700,93600,-3.43,5일선 이탈,1,10시,1.600
000880,한화,20240325,20240325,33950,33550,-1.41,5일선 이탈,1,눌림,1.733
272210,한화시스템,20240326,20240328,17640,17190,-2.78,5일선 이탈,3,10시,2.260
036460,한국가스공사,20240329,20240329,27250,26750,-2.06,5일선 이탈,1,눌림,2.000
207940,삼성바이오로직스,20240401,20240401,1217000,1199000,-1.71,5일선 이탈,1,눌림,2.575
042660,한화오션,20240402,20240403,28400,27650,-2.86,5일선 이탈,2,10시,2.200
066970,엘앤에프,20240404,20240404,174600,169200,-3.32,5일선 이탈,1,10시,2.247
015760,한국전력,20240408,20240411,22200,21100,-5.17,급이탈,3,10시,2.038
066970,엘앤에프,20240412,20240412,165700,159800,-3.78,5일선 이탈,1,눌림,1.883
079550,LIG디펜스앤에어로스페이스,20240415,20240415,164100,164000,-0.29,5일선 이탈,1,눌림,2.100
033780,KT&G,20240417,20240417,88700,88700,-0.23,5일선 이탈,1,눌림,2.120
014680,한솔케미칼,20240418,20240419,191600,185500,-3.41,5일선 이탈,2,10시,1.990
012330,현대모비스,20240422,20240424,240000,242500,0.81,만료,3,10시,2.107
000660,SK하이닉스,20240426,20240430,177400,174000,-2.14,5일선 이탈,3,10시,1.875
064350,현대로템,20240503,20240503,38800,37850,-2.67,5일선 이탈,1,10시,1.850
241560,두산밥캣,20240507,20240509,53100,53400,0.33,만료,3,10시,2.000
028050,삼성E&A,20240510,20240510,26000,25400,-2.53,5일선 이탈,1,10시,2.100
079550,LIG디펜스앤에어로스페이스,20240513,20240514,168900,163200,-3.60,5일선 이탈,2,10시,2.125
005930,삼성전자,20240516,20240516,79200,78000,-1.74,5일선 이탈,1,눌림,2.266
005930,삼성전자,20240517,20240517,77600,77200,-0.74,5일선 이탈,1,눌림,3.100
009150,삼성전기,20240520,20240522,154700,156000,0.61,만료,3,10시,1.980
028670,팬오션,20240527,20240527,4365,4275,-2.29,5일선 이탈,1,10시,1.986
028670,팬오션,20240528,20240530,4345,4200,-3.56,5일선 이탈,3,10시,2.100
021240,코웨이,20240531,20240604,56200,56500,0.30,만료,3,눌림,2.100
251270,넷마블,20240605,20240610,62400,58000,-7.27,급이탈,3,10시,1.875
001440,대한전선,20240611,20240611,15380,15400,-0.10,5일선 이탈,1,눌림,1.925
009150,삼성전기,20240612,20240613,152000,147800,-2.99,5일선 이탈,2,10시,2.043
051900,LG생활건강,20240614,20240614,395000,400000,1.03,5일선 이탈,1,눌림,3.100
006260,LS,20240617,20240617,142400,146600,2.71,익절(종가),1,눌림,1.775
018260,삼성에스디에스,20240618,20240618,149400,149100,-0.43,5일선 이탈,1,눌림,1.933
267250,HD현대,20240619,20240621,70000,72300,3.05,익절(종가),3,10시,2.090
001040,CJ,20240624,20240624,123300,116800,-5.49,5일선 이탈,1,눌림,1.900
003490,대한항공,20240625,20240625,21350,22000,2.81,익절(종가),1,눌림,2.180
007660,이수페타시스,20240626,20240627,52700,50200,-4.96,5일선 이탈,2,10시,2.800
271560,오리온,20240628,20240701,93300,91400,-2.26,5일선 이탈,2,10시,2.085
011790,SKC,20240702,20240702,152700,147400,-3.69,5일선 이탈,1,10시,3.100
011780,금호석유화학,20240703,20240705,148800,146300,-1.91,5일선 이탈,3,10시,2.075
047050,포스코인터내셔널,20240708,20240709,58800,56800,-3.62,5일선 이탈,2,10시,1.966
000810,삼성화재,20240710,20240712,381000,381000,-0.23,만료,3,10시,1.800
005300,롯데칠성,20240715,20240715,126600,126400,-0.39,5일선 이탈,1,눌림,2.017
096770,SK이노베이션,20240716,20240717,112200,117700,4.66,익절(장중),2,10시,2.633
259960,크래프톤,20240718,20240718,273500,271000,-1.14,5일선 이탈,1,눌림,2.450
000810,삼성화재,20240719,20240719,364000,362000,-0.78,5일선 이탈,1,눌림,1.800
000810,삼성화재,20240723,20240723,374000,364500,-2.76,5일선 이탈,1,10시,1.750
000150,두산,20240724,20240724,195500,194800,-0.59,5일선 이탈,1,눌림,1.800
003550,LG,20240725,20240725,80600,80300,-0.60,5일선 이탈,1,눌림,2.150
003550,LG,20240726,20240729,82500,85500,3.40,익절(장중),2,10시,1.733
000810,삼성화재,20240730,20240731,359000,372000,3.38,익절(종가),2,10시,2.100
011790,SKC,20240801,20240802,133900,121800,-9.25,급이탈,2,10시,1.350
207940,삼성바이오로직스,20240806,20240807,1331000,1397000,4.72,익절(장중),2,눌림,1.600
086790,하나금융지주,20240808,20240812,60300,60300,-0.23,만료,3,10시,2.180
082740,한화엔진,20240816,20240820,13490,14110,4.36,익절(종가),3,10시,2.250
000880,한화,20240821,20240821,36700,35950,-2.27,5일선 이탈,1,10시,3.100
000880,한화,20240822,20240822,36550,35950,-1.87,5일선 이탈,1,10시,1.750
000880,한화,20240823,20240826,36400,35850,-1.74,5일선 이탈,2,10시,3.100
272210,한화시스템,20240827,20240827,18300,18480,0.75,5일선 이탈,1,눌림,2.000
005300,롯데칠성,20240828,20240828,135100,132800,-1.93,5일선 이탈,1,눌림,3.100
005830,DB손해보험,20240829,20240829,117600,117300,-0.48,5일선 이탈,1,눌림,3.100
010140,삼성중공업,20240830,20240902,10400,10150,-2.63,5일선 이탈,2,10시,1.828
030200,KT,20240903,20240905,40050,41550,3.51,익절(장중),3,10시,2.040
251270,넷마블,20240906,20240906,57600,56800,-1.62,5일선 이탈,1,눌림,2.040
326030,SK바이오팜,20240910,20240910,106600,103800,-2.85,5일선 이탈,1,10시,1.916
105560,KB금융,20240911,20240911,82700,77700,-6.26,5일선 이탈,1,눌림,2.167
000880,한화,20240912,20240913,34050,35500,4.02,익절(장중),2,10시,1.900
161890,한국콜마,20240923,20240924,74000,71600,-3.47,5일선 이탈,2,10시,1.766
000120,CJ대한통운,20240925,20240925,99800,96900,-3.13,5일선 이탈,1,10시,2.167
000120,CJ대한통운,20240926,20240926,98100,97000,-1.35,5일선 이탈,1,10시,2.050
000120,CJ대한통운,20240927,20240927,98600,97400,-1.44,5일선 이탈,1,10시,1.860
018260,삼성에스디에스,20240930,20241002,159000,150700,-5.44,5일선 이탈,2,10시,2.192
000670,영풍,20241004,20241004,34500,32400,-6.30,5일선 이탈,1,10시,1.800
068270,셀트리온,20241007,20241008,167600,167500,-0.29,5일선 이탈,2,눌림,2.075
005830,DB손해보험,20241010,20241014,113900,116700,2.22,만료,3,10시,1.988
051900,LG생활건강,20241015,20241015,351000,353000,0.34,5일선 이탈,1,눌림,2.200
036460,한국가스공사,20241016,20241016,43600,41700,-4.58,5일선 이탈,1,눌림,2.350
033780,KT&G,20241017,20241018,108900,106600,-2.34,5일선 이탈,2,10시,1.800
004170,신세계,20241021,20241021,149800,145400,-3.16,5일선 이탈,1,눌림,1.940
008730,율촌화학,20241022,20241022,26100,25050,-4.24,5일선 이탈,1,눌림,1.800
005380,현대차,20241023,20241024,241000,229000,-5.20,급이탈,2,10시,1.916
450080,에코프로머티,20241025,20241025,110800,109800,-1.13,5일선 이탈,1,눌림,1.775
128940,한미약품,20241028,20241028,324000,327000,0.69,5일선 이탈,1,눌림,1.830
069620,대웅제약,20241029,20241029,150700,150200,-0.56,5일선 이탈,1,눌림,1.960
039490,키움증권,20241030,20241030,133600,134000,0.07,5일선 이탈,1,눌림,2.000
069620,대웅제약,20241031,20241104,155500,155100,-0.49,만료,3,10시,2.000
207940,삼성바이오로직스,20241105,20241105,1509000,1482000,-2.02,5일선 이탈,1,10시,1.700
207940,삼성바이오로직스,20241106,20241107,1513000,1431000,-5.64,급이탈,2,10시,2.266
016360,삼성증권,20241108,20241108,47100,46350,-1.82,5일선 이탈,1,10시,1.975
454910,두산로보틱스,20241111,20241111,66800,66500,-0.68,5일선 이탈,1,눌림,2.250
000100,유한양행,20241112,20241112,129700,126700,-2.54,5일선 이탈,1,눌림,1.800
105560,KB금융,20241114,20241114,91200,89700,-1.87,5일선 이탈,1,눌림,2.000
316140,우리금융지주,20241115,20241115,15900,15870,-0.42,5일선 이탈,1,눌림,2.501
009540,HD한국조선해양,20241118,20241119,192800,202000,4.53,익절(장중),2,10시,2.100
000660,SK하이닉스,20241120,20241120,171200,170400,-0.70,5일선 이탈,1,눌림,2.271
267260,HD현대일렉트릭,20241121,20241121,355500,358000,0.47,5일선 이탈,1,눌림,3.100
000660,SK하이닉스,20241122,20241126,175200,176900,0.74,만료,3,10시,1.700
267260,HD현대일렉트릭,20241127,20241127,358000,360500,0.47,5일선 이탈,1,눌림,1.650
352820,하이브,20241128,20241128,209000,202500,-3.33,5일선 이탈,1,눌림,3.100
011200,HMM,20241129,20241129,18290,17940,-2.14,5일선 이탈,1,눌림,3.100
003230,삼양식품,20241202,20241203,546000,574000,4.89,익절(장중),2,10시,2.267
352820,하이브,20241204,20241204,201000,196600,-2.41,5일선 이탈,1,10시,3.100
066970,엘앤에프,20241205,20241205,95700,95000,-0.96,5일선 이탈,1,눌림,1.975
017800,현대엘리베이터,20241206,20241206,51300,51500,0.16,5일선 이탈,1,눌림,3.100
012330,현대모비스,20241209,20241211,242500,248500,2.24,만료,3,10시,3.100
000810,삼성화재,20241212,20241216,377000,360500,-4.60,5일선 이탈,3,10시,2.156
272210,한화시스템,20241220,20241220,20450,20300,-0.96,5일선 이탈,1,눌림,1.000
032830,삼성생명,20241223,20241226,101400,100300,-1.31,5일선 이탈,3,10시,1.733
021240,코웨이,20241230,20241230,67100,66700,-0.82,5일선 이탈,1,눌림,3.100
377300,카카오페이,20250102,20250102,25700,26000,0.93,5일선 이탈,1,눌림,2.075
017670,SK텔레콤,20250103,20250106,57000,55400,-3.03,5일선 이탈,2,10시,2.300
030200,KT,20250107,20250107,44600,43750,-2.13,5일선 이탈,1,10시,2.166
035420,NAVER,20250114,20250114,206000,201000,-2.65,5일선 이탈,1,10시,2.000
035420,NAVER,20250115,20250117,206000,208000,0.74,만료,3,10시,1.900
375500,DL이앤씨,20250121,20250121,30350,30500,0.26,5일선 이탈,1,눌림,1.700
079550,LIG디펜스앤에어로스페이스,20250122,20250124,222000,230000,3.37,익절(종가),3,10시,2.250
035420,NAVER,20250131,20250204,214500,223000,3.72,익절(장중),3,10시,2.112
018880,한온시스템,20250205,20250207,3955,3985,0.53,만료,3,10시,2.000
329180,HD현대중공업,20250210,20250210,305000,300000,-1.87,5일선 이탈,1,눌림,1.800
028050,삼성E&A,20250211,20250213,18420,18890,2.32,만료,3,10시,2.214
011200,HMM,20250214,20250217,18000,18080,0.21,5일선 이탈,2,눌림,2.013
259960,크래프톤,20250218,20250219,325000,334500,2.69,익절(종가),2,10시,3.100
307950,현대오토에버,20250220,20250220,138100,136800,-1.17,5일선 이탈,1,눌림,1.850
161890,한국콜마,20250221,20250225,58400,57800,-1.26,만료,3,10시,2.100
000810,삼성화재,20250226,20250228,396500,381500,-4.00,5일선 이탈,3,10시,2.025
329180,HD현대중공업,20250304,20250306,311000,317500,1.86,만료,3,10시,3.100
008770,호텔신라,20250307,20250311,40250,38100,-5.56,급이탈(갭),3,10시,2.120
450080,에코프로머티,20250312,20250312,76600,74000,-3.62,5일선 이탈,1,10시,2.080
454910,두산로보틱스,20250313,20250313,64000,62400,-2.72,5일선 이탈,1,10시,2.316
034020,두산에너빌리티,20250314,20250317,26850,25500,-5.25,5일선 이탈,2,10시,2.100
009830,한화솔루션,20250318,20250319,19540,20550,4.93,익절(장중),2,10시,2.050
035420,NAVER,20250320,20250320,211000,207000,-2.12,5일선 이탈,1,10시,2.550
008770,호텔신라,20250321,20250324,39750,41300,3.66,익절(장중),2,10시,2.217
035420,NAVER,20250325,20250325,210000,206500,-1.89,5일선 이탈,1,10시,2.140
068270,셀트리온,20250326,20250326,169900,170000,-0.17,5일선 이탈,1,눌림,2.209
450080,에코프로머티,20250327,20250327,67500,66800,-1.26,5일선 이탈,1,눌림,1.786
120110,코오롱인더,20250328,20250328,30700,30300,-1.53,5일선 이탈,1,눌림,1.833
004370,농심,20250331,20250331,403000,403500,-0.11,5일선 이탈,1,눌림,3.100
036460,한국가스공사,20250401,20250402,36600,35550,-3.09,5일선 이탈,2,10시,2.070
375500,DL이앤씨,20250404,20250404,40950,41300,0.62,5일선 이탈,1,눌림,3.100
022100,포스코DX,20250408,20250408,23300,23050,-1.30,5일선 이탈,1,눌림,2.233
010140,삼성중공업,20250409,20250409,13230,13020,-1.81,5일선 이탈,1,눌림,2.050
028050,삼성E&A,20250410,20250414,19160,19120,-0.44,만료,3,10시,2.334
012330,현대모비스,20250415,20250417,240500,237500,-1.47,만료,3,눌림,3.100
005850,에스엘,20250418,20250422,31500,31200,-1.18,만료,3,10시,3.100
005930,삼성전자,20250423,20250425,56200,55500,-1.47,만료,3,10시,2.020
012450,한화에어로스페이스,20250428,20250429,824000,795000,-3.74,5일선 이탈,2,10시,1.800
259960,크래프톤,20250430,20250430,371500,370500,-0.50,5일선 이탈,1,눌림,3.100
028050,삼성E&A,20250507,20250509,19420,20200,3.78,익절(장중),3,10시,1.700
007340,DN오토모티브,20250512,20250514,20850,21700,3.84,익절(종가),3,10시,3.100
443060,HD현대마린솔루션,20250515,20250516,168200,162800,-3.43,5일선 이탈,2,10시,3.100
139480,이마트,20250520,20250522,86200,87100,0.81,만료,3,10시,1.834
021240,코웨이,20250523,20250523,91300,95000,3.81,익절(종가),1,눌림,2.550
018260,삼성에스디에스,20250526,20250528,133000,132500,-0.61,만료,3,10시,1.600
030200,KT,20250529,20250530,51600,50600,-2.16,5일선 이탈,2,10시,1.833
003230,삼양식품,20250602,20250602,1096000,1080000,-1.69,5일선 이탈,1,눌림,1.640
047810,한국항공우주,20250604,20250605,86200,90300,4.52,익절(장중),2,눌림,2.580
011200,HMM,20250609,20250611,22200,22400,0.67,만료,3,10시,1.950
015760,한국전력,20250613,20250613,28100,27350,-2.89,5일선 이탈,1,눌림,1.900
036460,한국가스공사,20250616,20250618,39050,38050,-2.78,5일선 이탈,3,눌림,3.100
139480,이마트,20250619,20250623,84000,83600,-0.71,만료,3,10시,2.018
011780,금호석유화학,20250624,20250626,115000,112600,-2.31,5일선 이탈,3,10시,2.091
012450,한화에어로스페이스,20250627,20250630,914000,846000,-7.65,5일선 이탈,2,10시,2.025
011200,HMM,20250701,20250703,23400,23800,1.48,만료,3,10시,2.169
323410,카카오뱅크,20250704,20250704,30300,29000,-4.51,5일선 이탈,1,10시,2.134
015760,한국전력,20250707,20250709,38050,37450,-1.80,만료,3,10시,3.100
042700,한미반도체,20250710,20250710,94600,97400,2.72,익절(종가),1,눌림,1.859
005930,삼성전자,20250711,20250715,62200,63500,1.86,만료,3,10시,1.922
052690,한전기술,20250716,20250717,92900,89300,-4.10,5일선 이탈,2,10시,3.100
307950,현대오토에버,20250718,20250718,166400,163600,-1.91,5일선 이탈,1,10시,1.575
034220,LG디스플레이,20250721,20250721,9120,9150,0.10,5일선 이탈,1,눌림,1.907
011070,LG이노텍,20250722,20250722,154000,151700,-1.72,5일선 이탈,1,눌림,2.173
111770,영원무역,20250723,20250723,59300,59200,-0.40,5일선 이탈,1,눌림,1.892
042700,한미반도체,20250724,20250724,86100,84400,-2.20,5일선 이탈,1,눌림,2.305
000660,SK하이닉스,20250725,20250725,267000,265000,-0.98,5일선 이탈,1,눌림,2.050
298050,HS효성첨단소재,20250728,20250729,205000,197200,-4.03,5일선 이탈,2,10시,2.217
000720,현대건설,20250730,20250730,65400,65000,-0.84,5일선 이탈,1,눌림,2.130
017800,현대엘리베이터,20250731,20250804,84200,79800,-5.44,급이탈,3,10시,2.206
105560,KB금융,20250805,20250807,112700,114800,1.63,만료,3,10시,2.144
185750,종근당,20250808,20250811,83500,82200,-1.78,5일선 이탈,2,10시,3.100
000100,유한양행,20250812,20250812,111600,110800,-0.95,5일선 이탈,1,눌림,1.600
207940,삼성바이오로직스,20250813,20250818,1525000,1511000,-1.15,5일선 이탈,3,10시,2.025
207940,삼성바이오로직스,20250819,20250819,1503000,1505000,-0.10,5일선 이탈,1,눌림,2.055
005300,롯데칠성,20250820,20250821,121900,122600,0.34,5일선 이탈,2,눌림,2.040
086790,하나금융지주,20250822,20250822,82500,82100,-0.71,5일선 이탈,1,눌림,2.075
443060,HD현대마린솔루션,20250825,20250827,195300,204500,4.47,익절(장중),3,10시,2.032
010950,S-Oil,20250828,20250829,61000,60100,-1.70,5일선 이탈,2,10시,3.100
316140,우리금융지주,20250901,20250901,24600,24400,-1.04,5일선 이탈,1,눌림,2.050
055550,신한지주,20250903,20250904,65800,64300,-2.50,5일선 이탈,2,10시,1.750
352820,하이브,20250905,20250909,290000,289000,-0.57,만료,3,10시,2.000
454910,두산로보틱스,20250910,20250912,63200,63100,-0.39,만료,3,10시,3.100
000100,유한양행,20250915,20250915,118700,118800,-0.15,5일선 이탈,1,눌림,3.100
042660,한화오션,20250917,20250918,112200,110800,-1.47,5일선 이탈,2,눌림,2.120
000270,기아,20250919,20250923,101400,102600,0.95,만료,3,눌림,2.500
010140,삼성중공업,20250924,20250926,21800,20850,-4.58,급이탈,3,10시,2.028
000810,삼성화재,20250929,20250930,462500,450500,-2.82,5일선 이탈,2,10시,2.250
298040,효성중공업,20251001,20251010,1384000,1449000,4.46,익절(장중),3,10시,2.055
000810,삼성화재,20251013,20251013,451000,449000,-0.67,5일선 이탈,1,눌림,3.100
062040,산일전기,20251014,20251015,112400,118500,5.18,익절(장중),2,10시,2.234
042660,한화오션,20251016,20251020,110600,113500,2.39,만료,3,10시,1.983
047810,한국항공우주,20251021,20251023,100400,101100,0.47,만료,3,10시,2.250
014680,한솔케미칼,20251024,20251028,213000,209000,-2.10,만료,3,10시,2.000
033780,KT&G,20251029,20251029,135400,134200,-1.11,5일선 이탈,1,눌림,2.050
066570,LG전자,20251030,20251030,87600,87400,-0.46,5일선 이탈,1,눌림,1.600
000810,삼성화재,20251031,20251031,445000,440500,-1.24,5일선 이탈,1,눌림,2.080
008730,율촌화학,20251103,20251105,33200,32250,-3.08,5일선 이탈,3,10시,1.920
010130,고려아연,20251106,20251106,1009000,999000,-1.22,5일선 이탈,1,눌림,2.183
010130,고려아연,20251107,20251111,1032000,1040000,0.54,만료,3,10시,2.100
068270,셀트리온,20251112,20251113,171100,178300,3.97,익절(장중),2,10시,2.009
302440,SK바이오사이언스,20251117,20251117,55600,54400,-2.38,5일선 이탈,1,10시,1.833
003670,포스코퓨처엠,20251118,20251118,209000,199800,-4.62,5일선 이탈,1,눌림,1.600
005380,현대차,20251119,20251119,265500,263000,-1.17,5일선 이탈,1,눌림,2.100
018260,삼성에스디에스,20251120,20251124,168800,166600,-1.53,만료,3,10시,2.179
105560,KB금융,20251125,20251127,123600,123500,-0.31,만료,3,10시,2.053
298050,HS효성첨단소재,20251128,20251128,196600,196700,-0.18,5일선 이탈,1,눌림,1.943
005940,NH투자증권,20251201,20251201,20950,20550,-2.13,5일선 이탈,1,10시,1.780
090430,아모레퍼시픽,20251202,20251202,126000,124600,-1.34,5일선 이탈,1,10시,1.900
035420,NAVER,20251203,20251205,248500,248500,-0.23,만료,3,10시,1.975
068270,셀트리온,20251208,20251210,178300,176800,-1.07,만료,3,10시,2.075
000100,유한양행,20251211,20251211,117200,115800,-1.42,5일선 이탈,1,10시,2.088
001040,CJ,20251212,20251212,180700,180300,-0.45,5일선 이탈,1,눌림,2.205
282330,BGF리테일,20251215,20251217,109900,112100,1.77,만료,3,눌림,3.100
000240,한국앤컴퍼니,20251218,20251222,26550,27050,1.65,만료,3,10시,1.850
062040,산일전기,20251223,20251223,134300,133200,-1.05,5일선 이탈,1,눌림,2.137
267250,HD현대,20251224,20251224,192500,192600,-0.18,5일선 이탈,1,눌림,2.026
375500,DL이앤씨,20251226,20251226,41200,40700,-1.44,5일선 이탈,1,눌림,2.050
007660,이수페타시스,20251229,20251230,123400,119000,-3.79,5일선 이탈,2,10시,1.300
066570,LG전자,20260102,20260102,91000,91200,-0.01,5일선 이탈,1,눌림,2.000
066570,LG전자,20260105,20260107,93800,92100,-2.04,5일선 이탈,3,10시,1.966
002380,KCC,20260108,20260109,402500,399000,-1.10,5일선 이탈,2,10시,1.800
010060,OCI홀딩스,20260112,20260113,105600,111600,5.44,익절(장중),2,10시,2.060
032830,삼성생명,20260114,20260116,158400,165900,4.49,익절(장중),3,눌림,2.020
001440,대한전선,20260119,20260120,26300,27750,5.27,익절(장중),2,10시,2.100
009970,영원무역홀딩스,20260121,20260121,186300,193900,3.84,익절(종가),1,눌림,2.500
017960,한국카본,20260122,20260122,34800,34750,-0.37,5일선 이탈,1,눌림,1.900
241560,두산밥캣,20260123,20260127,61400,60900,-1.04,만료,3,10시,2.038
012450,한화에어로스페이스,20260128,20260130,1292000,1298000,0.23,만료,3,10시,2.420
055550,신한지주,20260202,20260202,83700,82300,-1.90,5일선 이탈,1,눌림,3.100
105560,KB금융,20260203,20260205,138800,139300,0.13,만료,3,10시,1.650
010140,삼성중공업,20260209,20260209,27800,27850,-0.05,5일선 이탈,1,눌림,1.857
005850,에스엘,20260210,20260212,56000,54300,-3.26,만료,3,10시,1.978
015760,한국전력,20260219,20260223,62400,62500,-0.07,만료,3,10시,1.915
055550,신한지주,20260224,20260224,101600,100700,-1.11,5일선 이탈,1,눌림,1.550
022100,포스코DX,20260225,20260227,39200,39200,-0.23,만료,3,10시,1.799
042660,한화오션,20260303,20260303,141600,135200,-4.74,5일선 이탈,1,눌림,2.450
096770,SK이노베이션,20260304,20260304,133600,108800,-18.75,5일선 이탈,1,눌림,3.100
006800,미래에셋증권,20260306,20260310,66700,64100,-4.12,만료,3,10시,1.400
001450,현대해상,20260311,20260312,31300,29800,-5.01,5일선 이탈,2,10시,2.309
036460,한국가스공사,20260313,20260313,36350,35350,-2.97,5일선 이탈,1,10시,1.700
012330,현대모비스,20260317,20260319,418000,412000,-1.66,만료,3,10시,1.984
096770,SK이노베이션,20260320,20260323,115000,105400,-8.56,5일선 이탈,2,10시,2.108
035250,강원랜드,20260324,20260326,18150,18220,0.15,만료,3,10시,1.500
033780,KT&G,20260327,20260331,157000,163900,4.15,익절(장중),3,10시,1.600
028670,팬오션,20260401,20260402,5060,4915,-3.09,5일선 이탈,2,10시,2.130
105560,KB금융,20260403,20260403,149000,145300,-2.71,5일선 이탈,1,10시,1.893
004170,신세계,20260406,20260407,320000,310000,-3.35,5일선 이탈,2,10시,1.900
030200,KT,20260408,20260410,62200,61900,-0.71,만료,3,10시,2.125
047050,포스코인터내셔널,20260413,20260414,74500,72200,-3.31,5일선 이탈,2,눌림,2.300
373220,LG에너지솔루션,20260416,20260420,415000,428500,3.02,익절(종가),3,10시,2.025
272210,한화시스템,20260421,20260423,132500,129900,-2.19,5일선 이탈,3,10시,3.100
039490,키움증권,20260424,20260428,454500,444500,-2.43,5일선 이탈,3,10시,3.100
097950,CJ제일제당,20260429,20260429,232500,243000,4.28,익절(종가),1,눌림,3.100
028670,팬오션,20260504,20260507,5800,6090,4.76,익절(장중),3,10시,2.008
030200,KT,20260508,20260508,59400,59100,-0.73,5일선 이탈,1,눌림,1.967
017670,SK텔레콤,20260511,20260512,97800,102300,4.36,익절(장중),2,10시,1.900
010950,S-Oil,20260513,20260515,114000,111900,-2.07,5일선 이탈,3,눌림,2.127
051600,한전KPS,20260518,20260518,55900,55000,-1.84,5일선 이탈,1,눌림,1.800
280360,롯데웰푸드,20260519,20260520,117200,115000,-2.10,급이탈,2,눌림,3.100
017670,SK텔레콤,20260521,20260522,100000,110200,9.95,익절(갭),2,눌림,1.700
278470,에이피알,20260526,20260526,402500,388500,-3.70,5일선 이탈,1,10시,1.942
001440,대한전선,20260527,20260527,50900,49450,-3.07,5일선 이탈,1,눌림,3.100
457190,이수스페셜티케미컬,20260528,20260528,95500,98800,3.22,익절(종가),1,눌림,1.800
051910,LG화학,20260529,20260602,359500,354000,-1.76,만료,3,10시,2.000
071050,한국금융지주,20260604,20260605,254000,270000,6.05,익절(장중),2,10시,2.100
456040,OCI,20260610,20260610,108500,105200,-3.26,5일선 이탈,1,눌림,2.400
078930,GS,20260612,20260616,74300,78500,5.41,익절(장중),3,10시,1.964
000150,두산,20260619,20260619,1579000,1630000,2.99,익절(종가),1,눌림,3.100
017670,SK텔레콤,20260623,20260623,92500,89700,-3.25,5일선 이탈,1,눌림,2.400
007070,GS리테일,20260624,20260625,22550,22200,-1.78,5일선 이탈,2,눌림,3.100
011790,SKC,20260626,20260626,107000,103800,-3.21,5일선 이탈,1,눌림,1.950
018260,삼성에스디에스,20260629,20260629,189800,198600,4.40,익절(종가),1,눌림,2.038
012330,현대모비스,20260630,20260630,518000,499000,-3.89,5일선 이탈,1,10시,1.950
018260,삼성에스디에스,20260701,20260702,197400,210000,6.14,익절(장중),2,10시,1.999
000810,삼성화재,20260703,20260703,613000,637000,3.68,익절(종가),1,눌림,3.100
012330,현대모비스,20260706,20260707,514000,494000,-4.11,5일선 이탈,2,10시,1.733
483650,달바글로벌,20260709,20260709,212000,199700,-6.02,5일선 이탈,1,눌림,1.600
005930,삼성전자,20260713,20260713,270500,253500,-6.50,5일선 이탈,1,눌림,2.200
003490,대한항공,20260715,20260720,27700,25250,-9.05,5일선 이탈,3,10시,2.150
001450,현대해상,20260722,20260722,37800,37000,-2.34,5일선 이탈,1,10시,1.775
402340,SK스퀘어,20260723,20260724,1202000,1107000,-8.12,5일선 이탈,2,눌림,1.900
090430,아모레퍼시픽,20260727,20260728,123000,118600,-3.80,5일선 이탈,2,10시,2.350
090430,아모레퍼시픽,20260729,20260730,123800,130900,5.49,익절(장중),2,10시,2.000
000810,삼성화재,20260731,20260731,611000,631000,3.04,익절(종가),1,눌림,2.360
161890,한국콜마,20260803,20260804,97600,101200,3.45,익절(종가),2,10시,3.100
005830,DB손해보험,20260806,20260807,158800,165800,4.17,익절(종가),2,10시,2.800
086790,하나금융지주,20260813,20260818,132400,130500,-1.66,만료,3,10시,3.100
000100,유한양행,20260820,20260824,83200,84100,0.85,만료,3,10시,1.800
086280,현대글로비스,20260825,20260825,197100,213000,7.82,익절(종가),1,눌림,2.033
028050,삼성E&A,20260826,20260827,47900,50500,5.19,익절(장중),2,10시,2.100
073240,금호타이어,20260828,20260901,7310,7800,6.46,익절(장중),3,10시,1.300
047050,포스코인터내셔널,20260903,20260907,55400,54500,-1.85,만료,3,10시,3.100
010130,고려아연,20260908,20260908,1217000,1211000,-0.72,5일선 이탈,1,눌림,1.950
316140,우리금융지주,20260909,20260909,33700,33400,-1.12,5일선 이탈,1,눌림,1.750
066570,LG전자,20260910,20260911,210000,199300,-5.31,5일선 이탈,2,10시,3.100
278470,에이피알,20260914,20260914,368500,368000,-0.37,5일선 이탈,1,눌림,2.150
282330,BGF리테일,20260915,20260915,143200,141600,-1.34,5일선 이탈,1,눌림,3.100
457190,이수스페셜티케미컬,20260916,20260916,65400,64100,-2.21,5일선 이탈,1,10시,2.150
457190,이수스페셜티케미컬,20260917,20260921,65400,63700,-2.82,5일선 이탈,3,10시,2.209
064400,LG씨엔에스,20260922,20260923,72200,69800,-3.55,5일선 이탈,2,10시,2.065
